,benefit,price,city,url,price1,link
0,Overall estimate monthly spending,703.16,Halle,https://www.numbeo.com/cost-of-living/city-estimator/in/Halle?Recalculated=Submit+to+Recalculate&displayCurrency=EUR&members=1&restaurants_percentage=10.0&inexpensive_restaurants_percentage=50.0&drinking_coffee_outside=100.0&going_out_monthly=4.2&smoking_packs_per_day=0.0&alcoholic_drinks=25.0&type_of_food=0&driving_car=0.0&taxi_consumption=0.0&paying_for_public_transport=Monthly%2C+All+Members&sport_memberships=100.0&vacation=0.0&clothing_and_shoes=50.0&rent=none&kindergarten_count=0&private_schools_count=0,2412.64,<a target='_blank' href=https://www.numbeo.com/cost-of-living/city-estimator/in/Halle?Recalculated=Submit+to+Recalculate&displayCurrency=EUR&members=1&restaurants_percentage=10.0&inexpensive_restaurants_percentage=50.0&drinking_coffee_outside=100.0&going_out_monthly=4.2&smoking_packs_per_day=0.0&alcoholic_drinks=25.0&type_of_food=0&driving_car=0.0&taxi_consumption=0.0&paying_for_public_transport=Monthly%2C+All+Members&sport_memberships=100.0&vacation=0.0&clothing_and_shoes=50.0&rent=none&kindergarten_count=0&private_schools_count=0></a>
1,Overall estimate monthly spending,737.14,Best,https://www.numbeo.com/cost-of-living/city-estimator/in/Best-Netherlands?Recalculated=Submit+to+Recalculate&displayCurrency=EUR&members=1&restaurants_percentage=10.0&inexpensive_restaurants_percentage=50.0&drinking_coffee_outside=100.0&going_out_monthly=4.2&smoking_packs_per_day=0.0&alcoholic_drinks=25.0&type_of_food=0&driving_car=0.0&taxi_consumption=0.0&paying_for_public_transport=Monthly%2C+All+Members&sport_memberships=100.0&vacation=0.0&clothing_and_shoes=50.0&rent=none&kindergarten_count=0&private_schools_count=0,2548.56,<a target='_blank' href=https://www.numbeo.com/cost-of-living/city-estimator/in/Best-Netherlands?Recalculated=Submit+to+Recalculate&displayCurrency=EUR&members=1&restaurants_percentage=10.0&inexpensive_restaurants_percentage=50.0&drinking_coffee_outside=100.0&going_out_monthly=4.2&smoking_packs_per_day=0.0&alcoholic_drinks=25.0&type_of_food=0&driving_car=0.0&taxi_consumption=0.0&paying_for_public_transport=Monthly%2C+All+Members&sport_memberships=100.0&vacation=0.0&clothing_and_shoes=50.0&rent=none&kindergarten_count=0&private_schools_count=0></a>
2,Overall estimate monthly spending,771.78,Gouda,https://www.numbeo.com/cost-of-living/city-estimator/in/Gouda-Netherlands?Recalculated=Submit+to+Recalculate&displayCurrency=EUR&members=1&restaurants_percentage=10.0&inexpensive_restaurants_percentage=50.0&drinking_coffee_outside=100.0&going_out_monthly=4.2&smoking_packs_per_day=0.0&alcoholic_drinks=25.0&type_of_food=0&driving_car=0.0&taxi_consumption=0.0&paying_for_public_transport=Monthly%2C+All+Members&sport_memberships=100.0&vacation=0.0&clothing_and_shoes=50.0&rent=none&kindergarten_count=0&private_schools_count=0,2687.12,<a target='_blank' href=https://www.numbeo.com/cost-of-living/city-estimator/in/Gouda-Netherlands?Recalculated=Submit+to+Recalculate&displayCurrency=EUR&members=1&restaurants_percentage=10.0&inexpensive_restaurants_percentage=50.0&drinking_coffee_outside=100.0&going_out_monthly=4.2&smoking_packs_per_day=0.0&alcoholic_drinks=25.0&type_of_food=0&driving_car=0.0&taxi_consumption=0.0&paying_for_public_transport=Monthly%2C+All+Members&sport_memberships=100.0&vacation=0.0&clothing_and_shoes=50.0&rent=none&kindergarten_count=0&private_schools_count=0></a>
3,Overall estimate monthly spending,784.62,Deventer,https://www.numbeo.com/cost-of-living/city-estimator/in/Deventer-Netherlands?Recalculated=Submit+to+Recalculate&displayCurrency=EUR&members=1&restaurants_percentage=10.0&inexpensive_restaurants_percentage=50.0&drinking_coffee_outside=100.0&going_out_monthly=4.2&smoking_packs_per_day=0.0&alcoholic_drinks=25.0&type_of_food=0&driving_car=0.0&taxi_consumption=0.0&paying_for_public_transport=Monthly%2C+All+Members&sport_memberships=100.0&vacation=0.0&clothing_and_shoes=50.0&rent=none&kindergarten_count=0&private_schools_count=0,2738.48,<a target='_blank' href=https://www.numbeo.com/cost-of-living/city-estimator/in/Deventer-Netherlands?Recalculated=Submit+to+Recalculate&displayCurrency=EUR&members=1&restaurants_percentage=10.0&inexpensive_restaurants_percentage=50.0&drinking_coffee_outside=100.0&going_out_monthly=4.2&smoking_packs_per_day=0.0&alcoholic_drinks=25.0&type_of_food=0&driving_car=0.0&taxi_consumption=0.0&paying_for_public_transport=Monthly%2C+All+Members&sport_memberships=100.0&vacation=0.0&clothing_and_shoes=50.0&rent=none&kindergarten_count=0&private_schools_count=0></a>
4,Overall estimate monthly spending,788.84,Delft,https://www.numbeo.com/cost-of-living/city-estimator/in/Delft?Recalculated=Submit+to+Recalculate&displayCurrency=EUR&members=1&restaurants_percentage=10.0&inexpensive_restaurants_percentage=50.0&drinking_coffee_outside=100.0&going_out_monthly=4.2&smoking_packs_per_day=0.0&alcoholic_drinks=25.0&type_of_food=0&driving_car=0.0&taxi_consumption=0.0&paying_for_public_transport=Monthly%2C+All+Members&sport_memberships=100.0&vacation=0.0&clothing_and_shoes=50.0&rent=none&kindergarten_count=0&private_schools_count=0,2755.36,<a target='_blank' href=https://www.numbeo.com/cost-of-living/city-estimator/in/Delft?Recalculated=Submit+to+Recalculate&displayCurrency=EUR&members=1&restaurants_percentage=10.0&inexpensive_restaurants_percentage=50.0&drinking_coffee_outside=100.0&going_out_monthly=4.2&smoking_packs_per_day=0.0&alcoholic_drinks=25.0&type_of_food=0&driving_car=0.0&taxi_consumption=0.0&paying_for_public_transport=Monthly%2C+All+Members&sport_memberships=100.0&vacation=0.0&clothing_and_shoes=50.0&rent=none&kindergarten_count=0&private_schools_count=0></a>
5,Overall estimate monthly spending,797.37,Maastricht,https://www.numbeo.com/cost-of-living/city-estimator/in/Maastricht?Recalculated=Submit+to+Recalculate&displayCurrency=EUR&members=1&restaurants_percentage=10.0&inexpensive_restaurants_percentage=50.0&drinking_coffee_outside=100.0&going_out_monthly=4.2&smoking_packs_per_day=0.0&alcoholic_drinks=25.0&type_of_food=0&driving_car=0.0&taxi_consumption=0.0&paying_for_public_transport=Monthly%2C+All+Members&sport_memberships=100.0&vacation=0.0&clothing_and_shoes=50.0&rent=none&kindergarten_count=0&private_schools_count=0,2789.48,<a target='_blank' href=https://www.numbeo.com/cost-of-living/city-estimator/in/Maastricht?Recalculated=Submit+to+Recalculate&displayCurrency=EUR&members=1&restaurants_percentage=10.0&inexpensive_restaurants_percentage=50.0&drinking_coffee_outside=100.0&going_out_monthly=4.2&smoking_packs_per_day=0.0&alcoholic_drinks=25.0&type_of_food=0&driving_car=0.0&taxi_consumption=0.0&paying_for_public_transport=Monthly%2C+All+Members&sport_memberships=100.0&vacation=0.0&clothing_and_shoes=50.0&rent=none&kindergarten_count=0&private_schools_count=0></a>
6,Overall estimate monthly spending,807.46,Heerlen,https://www.numbeo.com/cost-of-living/city-estimator/in/Heerlen-Netherlands?Recalculated=Submit+to+Recalculate&displayCurrency=EUR&members=1&restaurants_percentage=10.0&inexpensive_restaurants_percentage=50.0&drinking_coffee_outside=100.0&going_out_monthly=4.2&smoking_packs_per_day=0.0&alcoholic_drinks=25.0&type_of_food=0&driving_car=0.0&taxi_consumption=0.0&paying_for_public_transport=Monthly%2C+All+Members&sport_memberships=100.0&vacation=0.0&clothing_and_shoes=50.0&rent=none&kindergarten_count=0&private_schools_count=0,2829.84,<a target='_blank' href=https://www.numbeo.com/cost-of-living/city-estimator/in/Heerlen-Netherlands?Recalculated=Submit+to+Recalculate&displayCurrency=EUR&members=1&restaurants_percentage=10.0&inexpensive_restaurants_percentage=50.0&drinking_coffee_outside=100.0&going_out_monthly=4.2&smoking_packs_per_day=0.0&alcoholic_drinks=25.0&type_of_food=0&driving_car=0.0&taxi_consumption=0.0&paying_for_public_transport=Monthly%2C+All+Members&sport_memberships=100.0&vacation=0.0&clothing_and_shoes=50.0&rent=none&kindergarten_count=0&private_schools_count=0></a>
7,Overall estimate monthly spending,807.48,Zeist,https://www.numbeo.com/cost-of-living/city-estimator/in/Zeist-Netherlands?Recalculated=Submit+to+Recalculate&displayCurrency=EUR&members=1&restaurants_percentage=10.0&inexpensive_restaurants_percentage=50.0&drinking_coffee_outside=100.0&going_out_monthly=4.2&smoking_packs_per_day=0.0&alcoholic_drinks=25.0&type_of_food=0&driving_car=0.0&taxi_consumption=0.0&paying_for_public_transport=Monthly%2C+All+Members&sport_memberships=100.0&vacation=0.0&clothing_and_shoes=50.0&rent=none&kindergarten_count=0&private_schools_count=0,2829.92,<a target='_blank' href=https://www.numbeo.com/cost-of-living/city-estimator/in/Zeist-Netherlands?Recalculated=Submit+to+Recalculate&displayCurrency=EUR&members=1&restaurants_percentage=10.0&inexpensive_restaurants_percentage=50.0&drinking_coffee_outside=100.0&going_out_monthly=4.2&smoking_packs_per_day=0.0&alcoholic_drinks=25.0&type_of_food=0&driving_car=0.0&taxi_consumption=0.0&paying_for_public_transport=Monthly%2C+All+Members&sport_memberships=100.0&vacation=0.0&clothing_and_shoes=50.0&rent=none&kindergarten_count=0&private_schools_count=0></a>
8,Overall estimate monthly spending,808.19,The-Hague-Den-Haag,https://www.numbeo.com/cost-of-living/city-estimator/in/The-Hague-Den-Haag-Netherlands?Recalculated=Submit+to+Recalculate&displayCurrency=EUR&members=1&restaurants_percentage=10.0&inexpensive_restaurants_percentage=50.0&drinking_coffee_outside=100.0&going_out_monthly=4.2&smoking_packs_per_day=0.0&alcoholic_drinks=25.0&type_of_food=0&driving_car=0.0&taxi_consumption=0.0&paying_for_public_transport=Monthly%2C+All+Members&sport_memberships=100.0&vacation=0.0&clothing_and_shoes=50.0&rent=none&kindergarten_count=0&private_schools_count=0,2832.76,<a target='_blank' href=https://www.numbeo.com/cost-of-living/city-estimator/in/The-Hague-Den-Haag-Netherlands?Recalculated=Submit+to+Recalculate&displayCurrency=EUR&members=1&restaurants_percentage=10.0&inexpensive_restaurants_percentage=50.0&drinking_coffee_outside=100.0&going_out_monthly=4.2&smoking_packs_per_day=0.0&alcoholic_drinks=25.0&type_of_food=0&driving_car=0.0&taxi_consumption=0.0&paying_for_public_transport=Monthly%2C+All+Members&sport_memberships=100.0&vacation=0.0&clothing_and_shoes=50.0&rent=none&kindergarten_count=0&private_schools_count=0></a>
9,Overall estimate monthly spending,815.87,Zwolle,https://www.numbeo.com/cost-of-living/city-estimator/in/Zwolle-Netherlands?Recalculated=Submit+to+Recalculate&displayCurrency=EUR&members=1&restaurants_percentage=10.0&inexpensive_restaurants_percentage=50.0&drinking_coffee_outside=100.0&going_out_monthly=4.2&smoking_packs_per_day=0.0&alcoholic_drinks=25.0&type_of_food=0&driving_car=0.0&taxi_consumption=0.0&paying_for_public_transport=Monthly%2C+All+Members&sport_memberships=100.0&vacation=0.0&clothing_and_shoes=50.0&rent=none&kindergarten_count=0&private_schools_count=0,2863.48,<a target='_blank' href=https://www.numbeo.com/cost-of-living/city-estimator/in/Zwolle-Netherlands?Recalculated=Submit+to+Recalculate&displayCurrency=EUR&members=1&restaurants_percentage=10.0&inexpensive_restaurants_percentage=50.0&drinking_coffee_outside=100.0&going_out_monthly=4.2&smoking_packs_per_day=0.0&alcoholic_drinks=25.0&type_of_food=0&driving_car=0.0&taxi_consumption=0.0&paying_for_public_transport=Monthly%2C+All+Members&sport_memberships=100.0&vacation=0.0&clothing_and_shoes=50.0&rent=none&kindergarten_count=0&private_schools_count=0></a>
10,Overall estimate monthly spending,823.03,Venlo,https://www.numbeo.com/cost-of-living/city-estimator/in/Venlo-Netherlands?Recalculated=Submit+to+Recalculate&displayCurrency=EUR&members=1&restaurants_percentage=10.0&inexpensive_restaurants_percentage=50.0&drinking_coffee_outside=100.0&going_out_monthly=4.2&smoking_packs_per_day=0.0&alcoholic_drinks=25.0&type_of_food=0&driving_car=0.0&taxi_consumption=0.0&paying_for_public_transport=Monthly%2C+All+Members&sport_memberships=100.0&vacation=0.0&clothing_and_shoes=50.0&rent=none&kindergarten_count=0&private_schools_count=0,2892.12,<a target='_blank' href=https://www.numbeo.com/cost-of-living/city-estimator/in/Venlo-Netherlands?Recalculated=Submit+to+Recalculate&displayCurrency=EUR&members=1&restaurants_percentage=10.0&inexpensive_restaurants_percentage=50.0&drinking_coffee_outside=100.0&going_out_monthly=4.2&smoking_packs_per_day=0.0&alcoholic_drinks=25.0&type_of_food=0&driving_car=0.0&taxi_consumption=0.0&paying_for_public_transport=Monthly%2C+All+Members&sport_memberships=100.0&vacation=0.0&clothing_and_shoes=50.0&rent=none&kindergarten_count=0&private_schools_count=0></a>
11,Overall estimate monthly spending,824.92,Enschede,https://www.numbeo.com/cost-of-living/city-estimator/in/Enschede?Recalculated=Submit+to+Recalculate&displayCurrency=EUR&members=1&restaurants_percentage=10.0&inexpensive_restaurants_percentage=50.0&drinking_coffee_outside=100.0&going_out_monthly=4.2&smoking_packs_per_day=0.0&alcoholic_drinks=25.0&type_of_food=0&driving_car=0.0&taxi_consumption=0.0&paying_for_public_transport=Monthly%2C+All+Members&sport_memberships=100.0&vacation=0.0&clothing_and_shoes=50.0&rent=none&kindergarten_count=0&private_schools_count=0,2899.68,<a target='_blank' href=https://www.numbeo.com/cost-of-living/city-estimator/in/Enschede?Recalculated=Submit+to+Recalculate&displayCurrency=EUR&members=1&restaurants_percentage=10.0&inexpensive_restaurants_percentage=50.0&drinking_coffee_outside=100.0&going_out_monthly=4.2&smoking_packs_per_day=0.0&alcoholic_drinks=25.0&type_of_food=0&driving_car=0.0&taxi_consumption=0.0&paying_for_public_transport=Monthly%2C+All+Members&sport_memberships=100.0&vacation=0.0&clothing_and_shoes=50.0&rent=none&kindergarten_count=0&private_schools_count=0></a>
12,Overall estimate monthly spending,835.61,Dordrecht,https://www.numbeo.com/cost-of-living/city-estimator/in/Dordrecht-Netherlands?Recalculated=Submit+to+Recalculate&displayCurrency=EUR&members=1&restaurants_percentage=10.0&inexpensive_restaurants_percentage=50.0&drinking_coffee_outside=100.0&going_out_monthly=4.2&smoking_packs_per_day=0.0&alcoholic_drinks=25.0&type_of_food=0&driving_car=0.0&taxi_consumption=0.0&paying_for_public_transport=Monthly%2C+All+Members&sport_memberships=100.0&vacation=0.0&clothing_and_shoes=50.0&rent=none&kindergarten_count=0&private_schools_count=0,2942.44,<a target='_blank' href=https://www.numbeo.com/cost-of-living/city-estimator/in/Dordrecht-Netherlands?Recalculated=Submit+to+Recalculate&displayCurrency=EUR&members=1&restaurants_percentage=10.0&inexpensive_restaurants_percentage=50.0&drinking_coffee_outside=100.0&going_out_monthly=4.2&smoking_packs_per_day=0.0&alcoholic_drinks=25.0&type_of_food=0&driving_car=0.0&taxi_consumption=0.0&paying_for_public_transport=Monthly%2C+All+Members&sport_memberships=100.0&vacation=0.0&clothing_and_shoes=50.0&rent=none&kindergarten_count=0&private_schools_count=0></a>
13,Overall estimate monthly spending,839.39,Zoetermeer,https://www.numbeo.com/cost-of-living/city-estimator/in/Zoetermeer-Netherlands?Recalculated=Submit+to+Recalculate&displayCurrency=EUR&members=1&restaurants_percentage=10.0&inexpensive_restaurants_percentage=50.0&drinking_coffee_outside=100.0&going_out_monthly=4.2&smoking_packs_per_day=0.0&alcoholic_drinks=25.0&type_of_food=0&driving_car=0.0&taxi_consumption=0.0&paying_for_public_transport=Monthly%2C+All+Members&sport_memberships=100.0&vacation=0.0&clothing_and_shoes=50.0&rent=none&kindergarten_count=0&private_schools_count=0,2957.56,<a target='_blank' href=https://www.numbeo.com/cost-of-living/city-estimator/in/Zoetermeer-Netherlands?Recalculated=Submit+to+Recalculate&displayCurrency=EUR&members=1&restaurants_percentage=10.0&inexpensive_restaurants_percentage=50.0&drinking_coffee_outside=100.0&going_out_monthly=4.2&smoking_packs_per_day=0.0&alcoholic_drinks=25.0&type_of_food=0&driving_car=0.0&taxi_consumption=0.0&paying_for_public_transport=Monthly%2C+All+Members&sport_memberships=100.0&vacation=0.0&clothing_and_shoes=50.0&rent=none&kindergarten_count=0&private_schools_count=0></a>
14,Overall estimate monthly spending,845.25,Almere,https://www.numbeo.com/cost-of-living/city-estimator/in/Almere?Recalculated=Submit+to+Recalculate&displayCurrency=EUR&members=1&restaurants_percentage=10.0&inexpensive_restaurants_percentage=50.0&drinking_coffee_outside=100.0&going_out_monthly=4.2&smoking_packs_per_day=0.0&alcoholic_drinks=25.0&type_of_food=0&driving_car=0.0&taxi_consumption=0.0&paying_for_public_transport=Monthly%2C+All+Members&sport_memberships=100.0&vacation=0.0&clothing_and_shoes=50.0&rent=none&kindergarten_count=0&private_schools_count=0,2981.0,<a target='_blank' href=https://www.numbeo.com/cost-of-living/city-estimator/in/Almere?Recalculated=Submit+to+Recalculate&displayCurrency=EUR&members=1&restaurants_percentage=10.0&inexpensive_restaurants_percentage=50.0&drinking_coffee_outside=100.0&going_out_monthly=4.2&smoking_packs_per_day=0.0&alcoholic_drinks=25.0&type_of_food=0&driving_car=0.0&taxi_consumption=0.0&paying_for_public_transport=Monthly%2C+All+Members&sport_memberships=100.0&vacation=0.0&clothing_and_shoes=50.0&rent=none&kindergarten_count=0&private_schools_count=0></a>
15,Overall estimate monthly spending,857.15,Rotterdam,https://www.numbeo.com/cost-of-living/city-estimator/in/Rotterdam?Recalculated=Submit+to+Recalculate&displayCurrency=EUR&members=1&restaurants_percentage=10.0&inexpensive_restaurants_percentage=50.0&drinking_coffee_outside=100.0&going_out_monthly=4.2&smoking_packs_per_day=0.0&alcoholic_drinks=25.0&type_of_food=0&driving_car=0.0&taxi_consumption=0.0&paying_for_public_transport=Monthly%2C+All+Members&sport_memberships=100.0&vacation=0.0&clothing_and_shoes=50.0&rent=none&kindergarten_count=0&private_schools_count=0,3028.6,<a target='_blank' href=https://www.numbeo.com/cost-of-living/city-estimator/in/Rotterdam?Recalculated=Submit+to+Recalculate&displayCurrency=EUR&members=1&restaurants_percentage=10.0&inexpensive_restaurants_percentage=50.0&drinking_coffee_outside=100.0&going_out_monthly=4.2&smoking_packs_per_day=0.0&alcoholic_drinks=25.0&type_of_food=0&driving_car=0.0&taxi_consumption=0.0&paying_for_public_transport=Monthly%2C+All+Members&sport_memberships=100.0&vacation=0.0&clothing_and_shoes=50.0&rent=none&kindergarten_count=0&private_schools_count=0></a>
16,Overall estimate monthly spending,862.51,Tilburg,https://www.numbeo.com/cost-of-living/city-estimator/in/Tilburg?Recalculated=Submit+to+Recalculate&displayCurrency=EUR&members=1&restaurants_percentage=10.0&inexpensive_restaurants_percentage=50.0&drinking_coffee_outside=100.0&going_out_monthly=4.2&smoking_packs_per_day=0.0&alcoholic_drinks=25.0&type_of_food=0&driving_car=0.0&taxi_consumption=0.0&paying_for_public_transport=Monthly%2C+All+Members&sport_memberships=100.0&vacation=0.0&clothing_and_shoes=50.0&rent=none&kindergarten_count=0&private_schools_count=0,3050.04,<a target='_blank' href=https://www.numbeo.com/cost-of-living/city-estimator/in/Tilburg?Recalculated=Submit+to+Recalculate&displayCurrency=EUR&members=1&restaurants_percentage=10.0&inexpensive_restaurants_percentage=50.0&drinking_coffee_outside=100.0&going_out_monthly=4.2&smoking_packs_per_day=0.0&alcoholic_drinks=25.0&type_of_food=0&driving_car=0.0&taxi_consumption=0.0&paying_for_public_transport=Monthly%2C+All+Members&sport_memberships=100.0&vacation=0.0&clothing_and_shoes=50.0&rent=none&kindergarten_count=0&private_schools_count=0></a>
17,Overall estimate monthly spending,868.6,Leiden,https://www.numbeo.com/cost-of-living/city-estimator/in/Leiden?Recalculated=Submit+to+Recalculate&displayCurrency=EUR&members=1&restaurants_percentage=10.0&inexpensive_restaurants_percentage=50.0&drinking_coffee_outside=100.0&going_out_monthly=4.2&smoking_packs_per_day=0.0&alcoholic_drinks=25.0&type_of_food=0&driving_car=0.0&taxi_consumption=0.0&paying_for_public_transport=Monthly%2C+All+Members&sport_memberships=100.0&vacation=0.0&clothing_and_shoes=50.0&rent=none&kindergarten_count=0&private_schools_count=0,3074.4,<a target='_blank' href=https://www.numbeo.com/cost-of-living/city-estimator/in/Leiden?Recalculated=Submit+to+Recalculate&displayCurrency=EUR&members=1&restaurants_percentage=10.0&inexpensive_restaurants_percentage=50.0&drinking_coffee_outside=100.0&going_out_monthly=4.2&smoking_packs_per_day=0.0&alcoholic_drinks=25.0&type_of_food=0&driving_car=0.0&taxi_consumption=0.0&paying_for_public_transport=Monthly%2C+All+Members&sport_memberships=100.0&vacation=0.0&clothing_and_shoes=50.0&rent=none&kindergarten_count=0&private_schools_count=0></a>
18,Overall estimate monthly spending,876.16,Nijmegen,https://www.numbeo.com/cost-of-living/city-estimator/in/Nijmegen?Recalculated=Submit+to+Recalculate&displayCurrency=EUR&members=1&restaurants_percentage=10.0&inexpensive_restaurants_percentage=50.0&drinking_coffee_outside=100.0&going_out_monthly=4.2&smoking_packs_per_day=0.0&alcoholic_drinks=25.0&type_of_food=0&driving_car=0.0&taxi_consumption=0.0&paying_for_public_transport=Monthly%2C+All+Members&sport_memberships=100.0&vacation=0.0&clothing_and_shoes=50.0&rent=none&kindergarten_count=0&private_schools_count=0,3104.64,<a target='_blank' href=https://www.numbeo.com/cost-of-living/city-estimator/in/Nijmegen?Recalculated=Submit+to+Recalculate&displayCurrency=EUR&members=1&restaurants_percentage=10.0&inexpensive_restaurants_percentage=50.0&drinking_coffee_outside=100.0&going_out_monthly=4.2&smoking_packs_per_day=0.0&alcoholic_drinks=25.0&type_of_food=0&driving_car=0.0&taxi_consumption=0.0&paying_for_public_transport=Monthly%2C+All+Members&sport_memberships=100.0&vacation=0.0&clothing_and_shoes=50.0&rent=none&kindergarten_count=0&private_schools_count=0></a>
19,Overall estimate monthly spending,877.7,Groningen,https://www.numbeo.com/cost-of-living/city-estimator/in/Groningen?Recalculated=Submit+to+Recalculate&displayCurrency=EUR&members=1&restaurants_percentage=10.0&inexpensive_restaurants_percentage=50.0&drinking_coffee_outside=100.0&going_out_monthly=4.2&smoking_packs_per_day=0.0&alcoholic_drinks=25.0&type_of_food=0&driving_car=0.0&taxi_consumption=0.0&paying_for_public_transport=Monthly%2C+All+Members&sport_memberships=100.0&vacation=0.0&clothing_and_shoes=50.0&rent=none&kindergarten_count=0&private_schools_count=0,3110.8,<a target='_blank' href=https://www.numbeo.com/cost-of-living/city-estimator/in/Groningen?Recalculated=Submit+to+Recalculate&displayCurrency=EUR&members=1&restaurants_percentage=10.0&inexpensive_restaurants_percentage=50.0&drinking_coffee_outside=100.0&going_out_monthly=4.2&smoking_packs_per_day=0.0&alcoholic_drinks=25.0&type_of_food=0&driving_car=0.0&taxi_consumption=0.0&paying_for_public_transport=Monthly%2C+All+Members&sport_memberships=100.0&vacation=0.0&clothing_and_shoes=50.0&rent=none&kindergarten_count=0&private_schools_count=0></a>
20,Overall estimate monthly spending,877.95,Eindhoven,https://www.numbeo.com/cost-of-living/city-estimator/in/Eindhoven?Recalculated=Submit+to+Recalculate&displayCurrency=EUR&members=1&restaurants_percentage=10.0&inexpensive_restaurants_percentage=50.0&drinking_coffee_outside=100.0&going_out_monthly=4.2&smoking_packs_per_day=0.0&alcoholic_drinks=25.0&type_of_food=0&driving_car=0.0&taxi_consumption=0.0&paying_for_public_transport=Monthly%2C+All+Members&sport_memberships=100.0&vacation=0.0&clothing_and_shoes=50.0&rent=none&kindergarten_count=0&private_schools_count=0,3111.8,<a target='_blank' href=https://www.numbeo.com/cost-of-living/city-estimator/in/Eindhoven?Recalculated=Submit+to+Recalculate&displayCurrency=EUR&members=1&restaurants_percentage=10.0&inexpensive_restaurants_percentage=50.0&drinking_coffee_outside=100.0&going_out_monthly=4.2&smoking_packs_per_day=0.0&alcoholic_drinks=25.0&type_of_food=0&driving_car=0.0&taxi_consumption=0.0&paying_for_public_transport=Monthly%2C+All+Members&sport_memberships=100.0&vacation=0.0&clothing_and_shoes=50.0&rent=none&kindergarten_count=0&private_schools_count=0></a>
21,Overall estimate monthly spending,886.96,'s-Hertogenbosch,https://www.numbeo.com/cost-of-living/city-estimator/in/'s-Hertogenbosch?Recalculated=Submit+to+Recalculate&displayCurrency=EUR&members=1&restaurants_percentage=10.0&inexpensive_restaurants_percentage=50.0&drinking_coffee_outside=100.0&going_out_monthly=4.2&smoking_packs_per_day=0.0&alcoholic_drinks=25.0&type_of_food=0&driving_car=0.0&taxi_consumption=0.0&paying_for_public_transport=Monthly%2C+All+Members&sport_memberships=100.0&vacation=0.0&clothing_and_shoes=50.0&rent=none&kindergarten_count=0&private_schools_count=0,3147.84,<a target='_blank' href=https://www.numbeo.com/cost-of-living/city-estimator/in/'s-Hertogenbosch?Recalculated=Submit+to+Recalculate&displayCurrency=EUR&members=1&restaurants_percentage=10.0&inexpensive_restaurants_percentage=50.0&drinking_coffee_outside=100.0&going_out_monthly=4.2&smoking_packs_per_day=0.0&alcoholic_drinks=25.0&type_of_food=0&driving_car=0.0&taxi_consumption=0.0&paying_for_public_transport=Monthly%2C+All+Members&sport_memberships=100.0&vacation=0.0&clothing_and_shoes=50.0&rent=none&kindergarten_count=0&private_schools_count=0></a>
22,Overall estimate monthly spending,909.9,Breda,https://www.numbeo.com/cost-of-living/city-estimator/in/Breda?Recalculated=Submit+to+Recalculate&displayCurrency=EUR&members=1&restaurants_percentage=10.0&inexpensive_restaurants_percentage=50.0&drinking_coffee_outside=100.0&going_out_monthly=4.2&smoking_packs_per_day=0.0&alcoholic_drinks=25.0&type_of_food=0&driving_car=0.0&taxi_consumption=0.0&paying_for_public_transport=Monthly%2C+All+Members&sport_memberships=100.0&vacation=0.0&clothing_and_shoes=50.0&rent=none&kindergarten_count=0&private_schools_count=0,3239.6,<a target='_blank' href=https://www.numbeo.com/cost-of-living/city-estimator/in/Breda?Recalculated=Submit+to+Recalculate&displayCurrency=EUR&members=1&restaurants_percentage=10.0&inexpensive_restaurants_percentage=50.0&drinking_coffee_outside=100.0&going_out_monthly=4.2&smoking_packs_per_day=0.0&alcoholic_drinks=25.0&type_of_food=0&driving_car=0.0&taxi_consumption=0.0&paying_for_public_transport=Monthly%2C+All+Members&sport_memberships=100.0&vacation=0.0&clothing_and_shoes=50.0&rent=none&kindergarten_count=0&private_schools_count=0></a>
23,Overall estimate monthly spending,912.5,Utrecht,https://www.numbeo.com/cost-of-living/city-estimator/in/Utrecht?Recalculated=Submit+to+Recalculate&displayCurrency=EUR&members=1&restaurants_percentage=10.0&inexpensive_restaurants_percentage=50.0&drinking_coffee_outside=100.0&going_out_monthly=4.2&smoking_packs_per_day=0.0&alcoholic_drinks=25.0&type_of_food=0&driving_car=0.0&taxi_consumption=0.0&paying_for_public_transport=Monthly%2C+All+Members&sport_memberships=100.0&vacation=0.0&clothing_and_shoes=50.0&rent=none&kindergarten_count=0&private_schools_count=0,3250.0,<a target='_blank' href=https://www.numbeo.com/cost-of-living/city-estimator/in/Utrecht?Recalculated=Submit+to+Recalculate&displayCurrency=EUR&members=1&restaurants_percentage=10.0&inexpensive_restaurants_percentage=50.0&drinking_coffee_outside=100.0&going_out_monthly=4.2&smoking_packs_per_day=0.0&alcoholic_drinks=25.0&type_of_food=0&driving_car=0.0&taxi_consumption=0.0&paying_for_public_transport=Monthly%2C+All+Members&sport_memberships=100.0&vacation=0.0&clothing_and_shoes=50.0&rent=none&kindergarten_count=0&private_schools_count=0></a>
24,Overall estimate monthly spending,912.87,Ede,https://www.numbeo.com/cost-of-living/city-estimator/in/Ede-Netherlands?Recalculated=Submit+to+Recalculate&displayCurrency=EUR&members=1&restaurants_percentage=10.0&inexpensive_restaurants_percentage=50.0&drinking_coffee_outside=100.0&going_out_monthly=4.2&smoking_packs_per_day=0.0&alcoholic_drinks=25.0&type_of_food=0&driving_car=0.0&taxi_consumption=0.0&paying_for_public_transport=Monthly%2C+All+Members&sport_memberships=100.0&vacation=0.0&clothing_and_shoes=50.0&rent=none&kindergarten_count=0&private_schools_count=0,3251.48,<a target='_blank' href=https://www.numbeo.com/cost-of-living/city-estimator/in/Ede-Netherlands?Recalculated=Submit+to+Recalculate&displayCurrency=EUR&members=1&restaurants_percentage=10.0&inexpensive_restaurants_percentage=50.0&drinking_coffee_outside=100.0&going_out_monthly=4.2&smoking_packs_per_day=0.0&alcoholic_drinks=25.0&type_of_food=0&driving_car=0.0&taxi_consumption=0.0&paying_for_public_transport=Monthly%2C+All+Members&sport_memberships=100.0&vacation=0.0&clothing_and_shoes=50.0&rent=none&kindergarten_count=0&private_schools_count=0></a>
25,Overall estimate monthly spending,913.94,Amstelveen,https://www.numbeo.com/cost-of-living/city-estimator/in/Amstelveen-Netherlands?Recalculated=Submit+to+Recalculate&displayCurrency=EUR&members=1&restaurants_percentage=10.0&inexpensive_restaurants_percentage=50.0&drinking_coffee_outside=100.0&going_out_monthly=4.2&smoking_packs_per_day=0.0&alcoholic_drinks=25.0&type_of_food=0&driving_car=0.0&taxi_consumption=0.0&paying_for_public_transport=Monthly%2C+All+Members&sport_memberships=100.0&vacation=0.0&clothing_and_shoes=50.0&rent=none&kindergarten_count=0&private_schools_count=0,3255.76,<a target='_blank' href=https://www.numbeo.com/cost-of-living/city-estimator/in/Amstelveen-Netherlands?Recalculated=Submit+to+Recalculate&displayCurrency=EUR&members=1&restaurants_percentage=10.0&inexpensive_restaurants_percentage=50.0&drinking_coffee_outside=100.0&going_out_monthly=4.2&smoking_packs_per_day=0.0&alcoholic_drinks=25.0&type_of_food=0&driving_car=0.0&taxi_consumption=0.0&paying_for_public_transport=Monthly%2C+All+Members&sport_memberships=100.0&vacation=0.0&clothing_and_shoes=50.0&rent=none&kindergarten_count=0&private_schools_count=0></a>
26,Overall estimate monthly spending,916.98,Haarlem,https://www.numbeo.com/cost-of-living/city-estimator/in/Haarlem?Recalculated=Submit+to+Recalculate&displayCurrency=EUR&members=1&restaurants_percentage=10.0&inexpensive_restaurants_percentage=50.0&drinking_coffee_outside=100.0&going_out_monthly=4.2&smoking_packs_per_day=0.0&alcoholic_drinks=25.0&type_of_food=0&driving_car=0.0&taxi_consumption=0.0&paying_for_public_transport=Monthly%2C+All+Members&sport_memberships=100.0&vacation=0.0&clothing_and_shoes=50.0&rent=none&kindergarten_count=0&private_schools_count=0,3267.92,<a target='_blank' href=https://www.numbeo.com/cost-of-living/city-estimator/in/Haarlem?Recalculated=Submit+to+Recalculate&displayCurrency=EUR&members=1&restaurants_percentage=10.0&inexpensive_restaurants_percentage=50.0&drinking_coffee_outside=100.0&going_out_monthly=4.2&smoking_packs_per_day=0.0&alcoholic_drinks=25.0&type_of_food=0&driving_car=0.0&taxi_consumption=0.0&paying_for_public_transport=Monthly%2C+All+Members&sport_memberships=100.0&vacation=0.0&clothing_and_shoes=50.0&rent=none&kindergarten_count=0&private_schools_count=0></a>
27,Overall estimate monthly spending,926.84,Amsterdam,https://www.numbeo.com/cost-of-living/city-estimator/in/Amsterdam?Recalculated=Submit+to+Recalculate&displayCurrency=EUR&members=1&restaurants_percentage=10.0&inexpensive_restaurants_percentage=50.0&drinking_coffee_outside=100.0&going_out_monthly=4.2&smoking_packs_per_day=0.0&alcoholic_drinks=25.0&type_of_food=0&driving_car=0.0&taxi_consumption=0.0&paying_for_public_transport=Monthly%2C+All+Members&sport_memberships=100.0&vacation=0.0&clothing_and_shoes=50.0&rent=none&kindergarten_count=0&private_schools_count=0,3307.36,<a target='_blank' href=https://www.numbeo.com/cost-of-living/city-estimator/in/Amsterdam?Recalculated=Submit+to+Recalculate&displayCurrency=EUR&members=1&restaurants_percentage=10.0&inexpensive_restaurants_percentage=50.0&drinking_coffee_outside=100.0&going_out_monthly=4.2&smoking_packs_per_day=0.0&alcoholic_drinks=25.0&type_of_food=0&driving_car=0.0&taxi_consumption=0.0&paying_for_public_transport=Monthly%2C+All+Members&sport_memberships=100.0&vacation=0.0&clothing_and_shoes=50.0&rent=none&kindergarten_count=0&private_schools_count=0></a>
28,Overall estimate monthly spending,933.89,Roermond,https://www.numbeo.com/cost-of-living/city-estimator/in/Roermond-Netherlands?Recalculated=Submit+to+Recalculate&displayCurrency=EUR&members=1&restaurants_percentage=10.0&inexpensive_restaurants_percentage=50.0&drinking_coffee_outside=100.0&going_out_monthly=4.2&smoking_packs_per_day=0.0&alcoholic_drinks=25.0&type_of_food=0&driving_car=0.0&taxi_consumption=0.0&paying_for_public_transport=Monthly%2C+All+Members&sport_memberships=100.0&vacation=0.0&clothing_and_shoes=50.0&rent=none&kindergarten_count=0&private_schools_count=0,3335.56,<a target='_blank' href=https://www.numbeo.com/cost-of-living/city-estimator/in/Roermond-Netherlands?Recalculated=Submit+to+Recalculate&displayCurrency=EUR&members=1&restaurants_percentage=10.0&inexpensive_restaurants_percentage=50.0&drinking_coffee_outside=100.0&going_out_monthly=4.2&smoking_packs_per_day=0.0&alcoholic_drinks=25.0&type_of_food=0&driving_car=0.0&taxi_consumption=0.0&paying_for_public_transport=Monthly%2C+All+Members&sport_memberships=100.0&vacation=0.0&clothing_and_shoes=50.0&rent=none&kindergarten_count=0&private_schools_count=0></a>
29,Overall estimate monthly spending,941.46,Voorburg,https://www.numbeo.com/cost-of-living/city-estimator/in/Voorburg-Netherlands?Recalculated=Submit+to+Recalculate&displayCurrency=EUR&members=1&restaurants_percentage=10.0&inexpensive_restaurants_percentage=50.0&drinking_coffee_outside=100.0&going_out_monthly=4.2&smoking_packs_per_day=0.0&alcoholic_drinks=25.0&type_of_food=0&driving_car=0.0&taxi_consumption=0.0&paying_for_public_transport=Monthly%2C+All+Members&sport_memberships=100.0&vacation=0.0&clothing_and_shoes=50.0&rent=none&kindergarten_count=0&private_schools_count=0,3365.84,<a target='_blank' href=https://www.numbeo.com/cost-of-living/city-estimator/in/Voorburg-Netherlands?Recalculated=Submit+to+Recalculate&displayCurrency=EUR&members=1&restaurants_percentage=10.0&inexpensive_restaurants_percentage=50.0&drinking_coffee_outside=100.0&going_out_monthly=4.2&smoking_packs_per_day=0.0&alcoholic_drinks=25.0&type_of_food=0&driving_car=0.0&taxi_consumption=0.0&paying_for_public_transport=Monthly%2C+All+Members&sport_memberships=100.0&vacation=0.0&clothing_and_shoes=50.0&rent=none&kindergarten_count=0&private_schools_count=0></a>
30,Overall estimate monthly spending,966.1,Zandvoort,https://www.numbeo.com/cost-of-living/city-estimator/in/Zandvoort-Netherlands?Recalculated=Submit+to+Recalculate&displayCurrency=EUR&members=1&restaurants_percentage=10.0&inexpensive_restaurants_percentage=50.0&drinking_coffee_outside=100.0&going_out_monthly=4.2&smoking_packs_per_day=0.0&alcoholic_drinks=25.0&type_of_food=0&driving_car=0.0&taxi_consumption=0.0&paying_for_public_transport=Monthly%2C+All+Members&sport_memberships=100.0&vacation=0.0&clothing_and_shoes=50.0&rent=none&kindergarten_count=0&private_schools_count=0,3464.4,<a target='_blank' href=https://www.numbeo.com/cost-of-living/city-estimator/in/Zandvoort-Netherlands?Recalculated=Submit+to+Recalculate&displayCurrency=EUR&members=1&restaurants_percentage=10.0&inexpensive_restaurants_percentage=50.0&drinking_coffee_outside=100.0&going_out_monthly=4.2&smoking_packs_per_day=0.0&alcoholic_drinks=25.0&type_of_food=0&driving_car=0.0&taxi_consumption=0.0&paying_for_public_transport=Monthly%2C+All+Members&sport_memberships=100.0&vacation=0.0&clothing_and_shoes=50.0&rent=none&kindergarten_count=0&private_schools_count=0></a>
31,Overall estimate monthly spending,967.09,Amersfoort,https://www.numbeo.com/cost-of-living/city-estimator/in/Amersfoort-Netherlands?Recalculated=Submit+to+Recalculate&displayCurrency=EUR&members=1&restaurants_percentage=10.0&inexpensive_restaurants_percentage=50.0&drinking_coffee_outside=100.0&going_out_monthly=4.2&smoking_packs_per_day=0.0&alcoholic_drinks=25.0&type_of_food=0&driving_car=0.0&taxi_consumption=0.0&paying_for_public_transport=Monthly%2C+All+Members&sport_memberships=100.0&vacation=0.0&clothing_and_shoes=50.0&rent=none&kindergarten_count=0&private_schools_count=0,3468.36,<a target='_blank' href=https://www.numbeo.com/cost-of-living/city-estimator/in/Amersfoort-Netherlands?Recalculated=Submit+to+Recalculate&displayCurrency=EUR&members=1&restaurants_percentage=10.0&inexpensive_restaurants_percentage=50.0&drinking_coffee_outside=100.0&going_out_monthly=4.2&smoking_packs_per_day=0.0&alcoholic_drinks=25.0&type_of_food=0&driving_car=0.0&taxi_consumption=0.0&paying_for_public_transport=Monthly%2C+All+Members&sport_memberships=100.0&vacation=0.0&clothing_and_shoes=50.0&rent=none&kindergarten_count=0&private_schools_count=0></a>
32,Overall estimate monthly spending,1007.5,Alkmaar,https://www.numbeo.com/cost-of-living/city-estimator/in/Alkmaar?Recalculated=Submit+to+Recalculate&displayCurrency=EUR&members=1&restaurants_percentage=10.0&inexpensive_restaurants_percentage=50.0&drinking_coffee_outside=100.0&going_out_monthly=4.2&smoking_packs_per_day=0.0&alcoholic_drinks=25.0&type_of_food=0&driving_car=0.0&taxi_consumption=0.0&paying_for_public_transport=Monthly%2C+All+Members&sport_memberships=100.0&vacation=0.0&clothing_and_shoes=50.0&rent=none&kindergarten_count=0&private_schools_count=0,3630.0,<a target='_blank' href=https://www.numbeo.com/cost-of-living/city-estimator/in/Alkmaar?Recalculated=Submit+to+Recalculate&displayCurrency=EUR&members=1&restaurants_percentage=10.0&inexpensive_restaurants_percentage=50.0&drinking_coffee_outside=100.0&going_out_monthly=4.2&smoking_packs_per_day=0.0&alcoholic_drinks=25.0&type_of_food=0&driving_car=0.0&taxi_consumption=0.0&paying_for_public_transport=Monthly%2C+All+Members&sport_memberships=100.0&vacation=0.0&clothing_and_shoes=50.0&rent=none&kindergarten_count=0&private_schools_count=0></a>
